{"val_loss":21.222567716989904,"_timestamp":1.743066320273959e+09,"_wandb":{"runtime":4318},"_runtime":4318.3694414,"_step":7,"tr_acc":0.823785594639866,"tr_loss":0.5337720644917894,"val_acc":0.9033333333333333}