{"_timestamp":1.743032565412794e+09,"_runtime":1516.2571377,"_step":7,"_wandb":{"runtime":1516},"tr_acc":0.7206030150753768,"tr_loss":1.0157433602404087,"val_acc":0.8153333333333334,"val_loss":0.7256907991906429}