{"tr_acc":0.5554438860971525,"_wandb":{"runtime":8649},"tr_loss":2.088729887566668,"val_acc":0.6353333333333333,"val_loss":1.9962996421976293,"_timestamp":1.74308567676863e+09,"_runtime":8649.4020549,"_step":4}