{"_timestamp":1.743035329667297e+09,"_runtime":1460.4953141,"_step":7,"tr_acc":0.8204355108877722,"tr_loss":0.5070338791355173,"val_acc":0.8833333333333333,"val_loss":0.35528774210546005,"_wandb":{"runtime":1460}}