{"val_loss":12.636714477057351,"_wandb":{"runtime":2589},"_timestamp":1.7430720753474548e+09,"_runtime":2588.8593148,"_step":4,"tr_acc":0.7892797319932998,"tr_loss":0.6370309120352893,"val_acc":0.8966666666666666}