{"_runtime":2891.995283,"_step":4,"tr_acc":0.8130653266331658,"tr_loss":0.5607879386937364,"_wandb":{"runtime":2892},"val_acc":0.8953333333333333,"val_loss":20.59628194678535,"_timestamp":1.7431000194451983e+09}