{"tr_acc":0.8341708542713567,"tr_loss":0.5021210977054656,"val_acc":0.9213333333333333,"val_loss":8.87236964022072,"_timestamp":1.743069316412932e+09,"_runtime":2789.6889265,"_wandb":{"runtime":2789},"_step":4}