{"tr_acc":0.8314907872696817,"tr_loss":0.5213366117566189,"val_acc":0.9026666666666666,"val_loss":30.431718693511126,"_wandb":{"runtime":3053},"_timestamp":1.7430888213725717e+09,"_runtime":3053.0235943,"_step":4}