{"_timestamp":1.7430750976873703e+09,"_wandb":{"runtime":2857},"_runtime":2857.5142352,"_step":4,"tr_acc":0.7731993299832496,"tr_loss":0.7293930354904621,"val_acc":0.8946666666666667,"val_loss":9.44261372453989}